"player_id","full_name","position","posteam","targets","carries","team_targets","team_carries","catch_percentage","yards_per_carry","yards_per_rec","exp_ppg","games","carry_share","target_share"
"00-0023459","Aaron Rodgers","QB","NYJ",0,0,22,28,0,0,0,0.34,1,0,0
"00-0026498","Matthew Stafford","QB","LA",0,8,126,75,0,4.375,0,20.41,3,0.106666666666667,0
"00-0027696","Jimmy Graham","TE","NO",1,0,34,22,1,0,8,3.17,1,0,0.0294117647058824
"00-0027948","Blaine Gabbert","QB","KC",0,2,38,37,0,-0.5,0,1.32,1,0.0540540540540541,0
"00-0027973","Andy Dalton","QB","CAR",0,2,58,14,0,5.5,0,17.97,1,0.142857142857143,0
"00-0028002","Randall Cobb","WR","NYJ",4,0,85,66,0.25,0,12,1.94,3,0,0.0470588235294118
"00-0028118","Tyrod Taylor","QB","NYG",0,1,63,39,0,2,0,0.655,2,0.0256410256410256,0
"00-0029263","Russell Wilson","QB","DEN",0,7,104,65,0,8.14285714285714,0,17.5033333333333,3,0.107692307692308,0
"00-0029293","Marvin Jones","WR","DET",6,0,35,34,0.333333333333333,0,4,9.21,1,0,0.171428571428571
"00-0029604","Kirk Cousins","QB","MIN",0,4,138,50,0,4.25,0,24.9633333333333,3,0.08,0
"00-0029701","Ryan Tannehill","QB","TEN",0,4,83,71,0,4.25,0,11.2866666666667,3,0.0563380281690141,0
"00-0029892","Kyle Juszczyk","RB","SF",0,1,37,39,0,3,0,0.39,1,0.0256410256410256,0
"00-0030035","Adam Thielen","WR","CAR",25,0,129,65,0.8,0,10.55,12.65,3,0,0.193798449612403
"00-0030061","Zach Ertz","TE","ARI",20,0,82,84,0.7,0,5.92857142857143,10.9233333333333,3,0,0.24390243902439
"00-0030068","Marquise Goodwin","WR","CLE",4,1,102,106,0,1,0,3.33,3,0.00943396226415094,0.0392156862745098
"00-0030279","Keenan Allen","WR","LAC",39,2,122,76,0.82051282051282,3,12.5625,23.8133333333333,3,0.0263157894736842,0.319672131147541
"00-0030431","Robert Woods","WR","HOU",25,0,121,75,0.6,0,11,12.8933333333333,3,0,0.206611570247934
"00-0030506","Travis Kelce","TE","KC",17,0,79,59,0.647058823529412,0,8.63636363636364,18.01,2,0,0.215189873417722
"00-0030513","Latavius Murray","RB","BUF",5,13,110,90,0.8,3.46153846153846,6,8.54333333333333,3,0.144444444444444,0.0454545454545455
"00-0030564","DeAndre Hopkins","WR","TEN",25,0,83,71,0.56,0,10.9285714285714,11.7033333333333,3,0,0.301204819277108
"00-0030565","Geno Smith","QB","SEA",0,8,103,76,0,2.75,0,17.88,3,0.105263157894737,0
"00-0031235","Odell Beckham","WR","BAL",7,0,55,69,0.714285714285714,0,13.2,6.31,2,0,0.127272727272727
"00-0031236","Brandin Cooks","WR","DAL",11,0,65,63,0.363636363636364,0,9.75,11.12,2,0,0.169230769230769
"00-0031260","Logan Thomas","TE","WAS",11,0,70,51,0.545454545454545,0,10.8333333333333,9.33,2,0,0.157142857142857
"00-0031280","Derek Carr","QB","NO",0,6,104,82,0,0,0,15.3366666666667,3,0.0731707317073171,0
"00-0031345","Jimmy Garoppolo","QB","LV",0,12,94,63,0,1.58333333333333,0,16.12,3,0.19047619047619,0
"00-0031376","Jerick McKinnon","RB","KC",8,3,118,82,0.875,2.33333333333333,7.57142857142857,6.02,3,0.0365853658536585,0.0677966101694915
"00-0031381","Davante Adams","WR","LV",37,0,94,63,0.675675675675676,0,12.88,22.23,3,0,0.393617021276596
"00-0031408","Mike Evans","WR","TB",28,0,93,84,0.607142857142857,0,17.4705882352941,17.3433333333333,3,0,0.301075268817204
"00-0031428","Allen Robinson","WR","PIT",15,0,104,62,0.733333333333333,0,9.09090909090909,7.06333333333333,3,0,0.144230769230769
"00-0031484","Chris Manhertz","TE","DEN",1,0,38,20,0,0,0,3.78,1,0,0.0263157894736842
"00-0031503","Jameis Winston","QB","NO",0,0,34,22,0,0,0,5.02,1,0,0
"00-0031544","Amari Cooper","WR","CLE",25,0,102,106,0.68,0,14.2941176470588,14.38,3,0,0.245098039215686
"00-0031547","DeVante Parker","WR","NE",11,0,71,65,0.727272727272727,0,9.5,8.86,2,0,0.154929577464789
"00-0031549","Nelson Agholor","WR","BAL",10,0,64,74,0.9,0,11.3333333333333,10.215,2,0,0.15625
"00-0031585","MyCole Pruitt","TE","ATL",1,0,38,20,1,0,10,1.47,1,0,0.0263157894736842
"00-0031588","Stefon Diggs","WR","BUF",32,0,110,90,0.78125,0,11.16,17.99,3,0,0.290909090909091
"00-0031595","Michael Burton","RB","DEN",1,1,66,45,1,3,3,1.065,2,0.0222222222222222,0.0151515151515152
"00-0031610","Darren Waller","TE","NYG",20,0,100,66,0.6,0,11,9.73666666666667,3,0,0.2
"00-0031687","Raheem Mostert","RB","MIA",10,41,103,93,1,5.85365853658537,7.9,14.7733333333333,3,0.440860215053763,0.0970873786407767
"00-0031763","DeAndre Carter","WR","LV",3,0,94,63,0.666666666666667,0,10.5,1.48666666666667,3,0,0.0319148936170213
"00-0032062","Blake Bell","TE","KC",3,0,39,23,0.666666666666667,0,6,6.94,1,0,0.0769230769230769
"00-0032104","Ameer Abdullah","RB","LV",7,0,94,63,0.428571428571429,0,7,3.54333333333333,3,0,0.074468085106383
"00-0032134","C.J. Uzomah","TE","NYJ",1,0,36,22,1,0,9,1.54,1,0,0.0277777777777778
"00-0032144","Melvin Gordon","RB","BAL",2,10,31,37,1,3.2,11.5,7.9,1,0.27027027027027,0.0645161290322581
"00-0032200","Ty Montgomery","WR","NE",4,1,96,47,0.5,7,4.5,2.935,2,0.0212765957446809,0.0416666666666667
"00-0032208","Phillip Dorsett","WR","DEN",1,0,34,22,0,0,0,1.79,1,0,0.0294117647058824
"00-0032211","Tyler Lockett","WR","SEA",21,0,103,76,0.619047619047619,0,7.92307692307692,14.32,3,0,0.203883495145631
"00-0032217","Donovan Smith","OL","KC",1,0,41,22,1,0,0,1.2,1,0,0.024390243902439
"00-0032385","Sterling Shepard","WR","NYG",2,0,67,55,0.5,0,4,1.51,2,0,0.0298507462686567
"00-0032392","Austin Hooper","TE","LV",3,0,50,44,1,0,13.3333333333333,2.685,2,0,0.06
"00-0032398","Chris Moore","WR","TEN",5,0,83,71,0.6,0,30,3.25,3,0,0.0602409638554217
"00-0032464","Kalif Raymond","WR","DET",10,1,103,92,0.7,11,17.2857142857143,6.86,3,0.0108695652173913,0.0970873786407767
"00-0032688","Robbie  Chosen","WR","MIA",1,0,28,43,1,0,68,2.78,1,0,0.0357142857142857
"00-0032764","Derrick Henry","RB","TEN",7,51,83,71,0.714285714285714,3.19607843137255,14.2,13.5766666666667,3,0.71830985915493,0.0843373493975904
"00-0032765","Michael Thomas","WR","NO",26,0,104,82,0.692307692307692,0,9.22222222222222,14.9,3,0,0.25
"00-0032918","C.J. Ham","RB","MIN",4,0,94,41,0.75,0,4.66666666666667,3.085,2,0,0.0425531914893617
"00-0033009","Tyler Boyd","WR","CIN",20,0,122,58,0.65,0,7.76923076923077,10.2066666666667,3,0,0.163934426229508
"00-0033040","Tyreek Hill","WR","MIA",35,0,103,93,0.714285714285714,0,16.48,25.33,3,0,0.339805825242718
"00-0033045","Ezekiel Elliott","RB","NE",8,28,125,87,0.75,4.35714285714286,3.5,8.21,3,0.32183908045977,0.064
"00-0033077","Dak Prescott","QB","DAL",0,10,103,107,0,4.4,0,19.3033333333333,3,0.0934579439252336,0
"00-0033090","Hunter Henry","TE","NE",18,0,125,87,0.722222222222222,0,9.61538461538461,10.29,3,0,0.144
"00-0033106","Jared Goff","QB","DET",0,10,103,92,0,0.2,0,15.75,3,0.108695652173913,0
"00-0033110","Tyler Higbee","TE","LA",15,0,126,75,0.733333333333333,0,12,7.87666666666667,3,0,0.119047619047619
"00-0033118","Kenyan Drake","RB","BAL",3,1,31,37,0.666666666666667,0,15.5,4.61,1,0.027027027027027,0.0967741935483871
"00-0033217","Mo Alie-Cox","TE","IND",3,0,72,49,0.333333333333333,0,15,2.665,2,0,0.0416666666666667
"00-0033251","Zach Pascal","WR","ARI",2,0,61,54,0.5,0,9,1.45,2,0,0.0327868852459016
"00-0033280","Christian McCaffrey","RB","SF",13,60,91,101,0.846153846153846,5.88333333333333,6.36363636363636,18.2666666666667,3,0.594059405940594,0.142857142857143
"00-0033282","Curtis Samuel","WR","WAS",12,2,99,64,0.833333333333333,9.5,12.7,6.50333333333333,3,0.03125,0.121212121212121
"00-0033288","George Kittle","TE","SF",18,0,91,101,0.722222222222222,0,10.6923076923077,9.90666666666667,3,0,0.197802197802198
"00-0033293","Aaron Jones","RB","GB",4,9,27,32,0.5,4.55555555555556,43,14.52,1,0.28125,0.148148148148148
"00-0033307","Kendrick Bourne","WR","NE",25,0,125,87,0.56,0,9.92857142857143,14.08,3,0,0.2
"00-0033308","Matt Breida","RB","NYG",4,7,100,66,1,4.42857142857143,-0.5,2.76,3,0.106060606060606,0.04
"00-0033357","Taysom Hill","QB","NO",4,16,104,82,0.5,5.6875,4,6.56,3,0.195121951219512,0.0384615384615385
"00-0033439","Pharaoh Brown","TE","NE",2,0,29,40,1,0,35.5,3.48,1,0,0.0689655172413793
"00-0033466","Isaiah McKenzie","WR","IND",2,0,77,58,1,0,5,1.285,2,0,0.025974025974026
"00-0033526","Samaje Perine","RB","DEN",11,12,104,65,0.818181818181818,4.5,8,7.61666666666667,3,0.184615384615385,0.105769230769231
"00-0033536","Mike Williams","WR","LAC",26,1,122,76,0.730769230769231,3,13.1052631578947,16.2233333333333,3,0.0131578947368421,0.213114754098361
"00-0033537","Deshaun Watson","QB","CLE",0,15,102,106,0,5.53333333333333,0,17.59,3,0.141509433962264,0
"00-0033553","James Conner","RB","ARI",8,51,82,84,0.875,5.2156862745098,3.71428571428571,13.81,3,0.607142857142857,0.0975609756097561
"00-0033555","Mack Hollins","WR","ATL",14,0,88,91,0.5,0,16.2857142857143,7.57666666666667,3,0,0.159090909090909
"00-0033557","Jalen Reeves-Maybin","LB","DET",0,1,35,34,0,3,0,0.35,1,0.0294117647058824,0
"00-0033572","Jamal Agnew","WR","JAX",6,2,116,80,0.833333333333333,-1,10.8,3.98333333333333,3,0.025,0.0517241379310345
"00-0033591","Noah Brown","WR","HOU",4,1,44,23,0.75,-1,6.66666666666667,5.54,1,0.0434782608695652,0.0909090909090909
"00-0033662","Cooper Rush","QB","DAL",0,0,25,30,0,0,0,0.7,1,0,0
"00-0033699","Austin Ekeler","RB","LAC",5,16,33,40,0.8,7.3125,11.75,23.46,1,0.4,0.151515151515152
"00-0033757","Robert Tonyan","TE","CHI",2,0,29,16,0,0,0,3.36,1,0,0.0689655172413793
"00-0033854","Dare Ogunbowale","RB","HOU",0,2,47,26,0,2,0,0.81,1,0.0769230769230769,0
"00-0033857","JuJu Smith-Schuster","WR","NE",16,0,125,87,0.625,0,6.6,7.84666666666667,3,0,0.128
"00-0033858","Jonnu Smith","TE","ATL",14,0,70,65,0.642857142857143,0,9.33333333333333,12.245,2,0,0.2
"00-0033873","Patrick Mahomes","QB","KC",0,16,118,82,0,6.375,0,24.46,3,0.195121951219512,0
"00-0033881","Evan Engram","TE","JAX",21,0,116,80,0.857142857142857,0,9.61111111111111,10.31,3,0,0.181034482758621
"00-0033885","David Njoku","TE","CLE",11,0,102,106,0.909090909090909,0,9.2,5.25666666666667,3,0,0.107843137254902
"00-0033891","Zay Jones","WR","JAX",13,0,74,53,0.384615384615385,0,11,13.555,2,0,0.175675675675676
"00-0033893","Dalvin Cook","RB","NYJ",7,25,85,66,1,2.32,6,6.80666666666667,3,0.378787878787879,0.0823529411764706
"00-0033895","Gerald Everett","TE","LAC",12,1,122,76,0.916666666666667,2,8.90909090909091,7.12,3,0.0131578947368421,0.0983606557377049
"00-0033897","Joe Mixon","RB","CIN",12,45,122,58,0.666666666666667,4,7.25,13.4666666666667,3,0.775862068965517,0.0983606557377049
"00-0033921","Chris Godwin","WR","TB",19,0,93,84,0.684210526315789,0,10.8461538461538,11.66,3,0,0.204301075268817
"00-0033923","Kareem Hunt","RB","CLE",3,5,33,31,0.666666666666667,2.6,11,6.44,1,0.161290322580645,0.0909090909090909
"00-0033925","D'Onta Foreman","RB","CHI",3,5,37,29,0.666666666666667,3.2,4,6.5,1,0.172413793103448,0.0810810810810811
"00-0033936","C.J. Beathard","QB","JAX",0,0,42,27,0,0,0,0.43,1,0,0
"00-0033943","Josh Reynolds","WR","DET",13,0,70,61,0.692307692307692,0,16.2222222222222,12.54,2,0,0.185714285714286
"00-0033948","Jamaal Williams","RB","NO",2,27,70,60,1,2.74074074074074,3.5,7.875,2,0.45,0.0285714285714286
"00-0033949","Joshua Dobbs","QB","ARI",0,12,82,84,0,7.75,0,12.73,3,0.142857142857143,0
"00-0034054","River Cracraft","WR","MIA",8,0,103,93,0.75,0,14.5,6.26666666666667,3,0,0.0776699029126214
"00-0034159","Will Dissly","TE","SEA",5,0,67,43,1,0,10.4,3.615,2,0,0.0746268656716418
"00-0034171","Jason Cabinda","RB","DET",0,1,33,31,0,0,0,0.42,1,0.032258064516129,0
"00-0034184","Gus Edwards","RB","BAL",0,29,86,106,0,5,0,6.01333333333333,3,0.273584905660377,0
"00-0034208","Mike Boone","RB","HOU",4,0,44,23,0.75,0,6,5.87,1,0,0.0909090909090909
"00-0034270","Tyler Conklin","TE","NYJ",12,0,85,66,0.75,0,8.66666666666667,5.23,3,0,0.141176470588235
"00-0034272","Marquez Valdes-Scantling","WR","KC",7,0,118,82,0.714285714285714,0,19.6,4.89,3,0,0.0593220338983051
"00-0034286","Richie James","WR","KC",3,0,80,45,0.333333333333333,0,6,2.715,2,0,0.0375
"00-0034297","Byron Pringle","WR","WAS",1,0,39,23,1,0,4,1.37,1,0,0.0256410256410256
"00-0034317","Keith Kirkwood","WR","NO",3,0,104,82,0,0,0,2.79666666666667,3,0,0.0288461538461538
"00-0034348","Courtland Sutton","WR","DEN",23,0,104,65,0.739130434782609,0,11.1176470588235,12.58,3,0,0.221153846153846
"00-0034351","Dallas Goedert","TE","PHI",15,0,93,113,0.733333333333333,0,5.72727272727273,7.97333333333333,3,0,0.161290322580645
"00-0034364","Jordan Akins","TE","CLE",2,0,69,75,1,0,7,1.46,2,0,0.0289855072463768
"00-0034365","Ian Thomas","TE","CAR",1,0,58,14,1,0,8,1.31,1,0,0.0172413793103448
"00-0034383","Dalton Schultz","TE","HOU",14,0,121,75,0.5,0,6.71428571428571,7.83333333333333,3,0,0.115702479338843
"00-0034386","Justin Watson","WR","KC",12,0,118,82,0.583333333333333,0,22.5714285714286,8.17666666666667,3,0,0.101694915254237
"00-0034401","Mike White","QB","MIA",0,1,28,43,0,-1,0,1.35,1,0.0232558139534884,0
"00-0034414","Boston Scott","RB","PHI",1,6,56,73,1,7.16666666666667,7,2.395,2,0.0821917808219178,0.0178571428571429
"00-0034419","Braxton Berrios","WR","MIA",10,0,103,93,0.7,0,14.7142857142857,6,3,0,0.0970873786407767
"00-0034433","Nick Bawden","RB","NYJ",0,1,36,22,0,1,0,3.31,1,0.0454545454545455,0
"00-0034487","Trent Sherfield","WR","BUF",3,0,32,33,0.666666666666667,0,9,5.18,1,0,0.09375
"00-0034521","Allen Lazard","WR","NYJ",13,0,85,66,0.538461538461538,0,15.4285714285714,6.03666666666667,3,0,0.152941176470588
"00-0034575","David Wells","TE","TB",2,0,34,34,1,0,-5,3.21,1,0,0.0588235294117647
"00-0034577","Kyle Allen","QB","BUF",0,4,69,68,0,-1,0,-0.2,2,0.0588235294117647,0
"00-0034613","Tanner Hudson","TE","CIN",4,0,49,23,0.5,0,15,6.18,1,0,0.0816326530612245
"00-0034646","Brandon Powell","WR","MIN",1,0,50,24,1,0,5,1.46,1,0,0.02
"00-0034681","Chase Edmonds","RB","TB",0,4,68,67,0,5,0,1.17,2,0.0597014925373134,0
"00-0034750","Rashaad Penny","RB","PHI",1,3,23,48,1,3,5,2.95,1,0.0625,0.0434782608695652
"00-0034753","Mark Andrews","TE","BAL",13,0,64,74,0.692307692307692,0,8.88888888888889,12.095,2,0,0.203125
"00-0034764","Michael Gallup","WR","DAL",11,0,103,107,0.727272727272727,0,13.125,6.03333333333333,3,0,0.106796116504854
"00-0034775","Christian Kirk","WR","JAX",23,0,116,80,0.695652173913043,0,10.8125,12.4866666666667,3,0,0.198275862068966
"00-0034777","D.J. Chark","WR","CAR",12,0,91,33,0.416666666666667,0,20.2,9.085,2,0,0.131868131868132
"00-0034791","Nick Chubb","RB","CLE",4,28,69,75,1,6.07142857142857,5.25,10.075,2,0.373333333333333,0.0579710144927536
"00-0034796","Lamar Jackson","QB","BAL",0,32,86,106,0,6.03125,0,19.85,3,0.30188679245283,0
"00-0034798","Durham Smythe","TE","MIA",11,0,103,93,0.636363636363636,0,11.7142857142857,6.67333333333333,3,0,0.106796116504854
"00-0034827","D.J. Moore","WR","CHI",15,0,88,71,0.733333333333333,0,15.4545454545455,7.94,3,0,0.170454545454545
"00-0034829","Mike Gesicki","TE","NE",10,0,125,87,0.9,0,9.66666666666667,4.79,3,0,0.08
"00-0034830","Hayden Hurst","TE","CAR",13,0,129,65,0.692307692307692,0,8,7,3,0,0.10077519379845
"00-0034837","Calvin Ridley","WR","JAX",26,0,116,80,0.5,0,13.3076923076923,15.64,3,0,0.224137931034483
"00-0034844","Saquon Barkley","RB","NYG",11,29,67,55,0.818181818181818,3.93103448275862,4.55555555555556,16.91,2,0.527272727272727,0.164179104477612
"00-0034854","KhaDarel Hodge","WR","ATL",1,0,38,20,1,0,15,1.36,1,0,0.0263157894736842
"00-0034855","Baker Mayfield","QB","TB",0,15,93,84,0,2,0,18.1233333333333,3,0.178571428571429,0
"00-0034857","Josh Allen","QB","BUF",0,12,110,90,0,7.41666666666667,0,22.7,3,0.133333333333333,0
"00-0034869","Sam Darnold","QB","SF",0,3,66,73,0,-1,0,-0.15,2,0.0410958904109589,0
"00-0034959","Andrew Beck","RB","HOU",0,2,47,26,0,1,0,3.02,1,0.0769230769230769,0
"00-0034960","Jakobi Meyers","WR","LV",22,0,70,48,0.727272727272727,0,10.375,21.51,2,0,0.314285714285714
"00-0034970","Irv Smith","TE","CIN",9,0,73,35,0.555555555555556,0,5.4,7.32,2,0,0.123287671232877
"00-0034972","Alexander Mattison","RB","MIN",17,39,138,50,0.647058823529412,3.97435897435897,4.81818181818182,19.8166666666667,3,0.78,0.123188405797101
"00-0034975","Justice Hill","RB","BAL",3,19,55,69,1,2.63157894736842,4,10.885,2,0.27536231884058,0.0545454545454545
"00-0034981","Foster Moreau","TE","NO",2,0,37,33,1,0,10,2.98,1,0,0.0540540540540541
"00-0034983","Hunter Renfrow","WR","LV",3,0,68,34,1,0,13.3333333333333,2.525,2,0,0.0441176470588235
"00-0035099","Khari Blasingame","RB","CHI",1,0,37,29,0,0,0,1.38,1,0,0.027027027027027
"00-0035100","Jake Browning","QB","CIN",0,1,32,20,0,-1,0,0.05,1,0.05,0
"00-0035125","Alec Ingold","RB","MIA",2,2,73,63,1,0,17,1.96,2,0.0317460317460317,0.0273972602739726
"00-0035133","Keisean Nixon","DB","GB",0,1,44,26,0,11,0,0.64,1,0.0384615384615385,0
"00-0035140","Mecole Hardman","WR","NYJ",1,0,27,16,1,0,6,1.28,1,0,0.037037037037037
"00-0035208","Olamide Zaccheaus","WR","PHI",3,0,37,40,0.666666666666667,0,29,6.6,1,0,0.0810810810810811
"00-0035215","Deonte Harty","WR","BUF",10,3,110,90,0.7,0.666666666666667,4,7.12666666666667,3,0.0333333333333333,0.0909090909090909
"00-0035216","Diontae Johnson","WR","PIT",6,0,46,10,0.5,0,16,8.75,1,0,0.130434782608696
"00-0035229","T.J. Hockenson","TE","MIN",28,0,138,50,0.821428571428571,0,7.78260869565217,16.8766666666667,3,0,0.202898550724638
"00-0035243","Miles Sanders","RB","CAR",20,41,129,65,0.6,3.39024390243902,5.66666666666667,16.4533333333333,3,0.630769230769231,0.155038759689922
"00-0035249","Josh Oliver","TE","MIN",8,0,138,50,0.875,0,7,4.63,3,0,0.0579710144927536
"00-0035250","Devin Singletary","RB","HOU",3,20,121,75,1,3.5,4.66666666666667,4.25333333333333,3,0.266666666666667,0.0247933884297521
"00-0035259","Trevon Wesco","TE","TEN",1,0,24,34,0,0,0,1.43,1,0,0.0416666666666667
"00-0035261","Tony Pollard","RB","DAL",14,62,103,107,0.857142857142857,4.25806451612903,4,23.2133333333333,3,0.579439252336449,0.135922330097087
"00-0035289","Gardner Minshew","QB","IND",0,2,116,84,0,1.5,0,9.78333333333333,3,0.0238095238095238,0
"00-0035291","Trayveon Williams","RB","CIN",4,3,122,58,0.5,3.66666666666667,2,2.35,3,0.0517241379310345,0.0327868852459016
"00-0035329","Donald Parham","TE","LAC",7,0,122,76,0.857142857142857,0,5.5,7.39333333333333,3,0,0.0573770491803279
"00-0035406","Lil'Jordan Humphrey","WR","DEN",4,0,66,45,0.75,0,5,3.77,2,0,0.0606060606060606
"00-0035535","Darius Slayton","WR","NYG",17,0,100,66,0.529411764705882,0,12.1111111111111,8.60333333333333,3,0,0.17
"00-0035567","Craig Reynolds","RB","DET",1,7,68,58,1,3.14285714285714,-2,2.815,2,0.120689655172414,0.0147058823529412
"00-0035628","D'Ernest Johnson","RB","JAX",3,5,116,80,1,2,5,2.26666666666667,3,0.0625,0.0258620689655172
"00-0035631","Drew Sample","TE","CIN",1,0,49,23,1,0,7,1.42,1,0,0.0204081632653061
"00-0035639","Parris Campbell","WR","NYG",16,0,100,66,0.6875,0,4.27272727272727,7.34333333333333,3,0,0.16
"00-0035640","DK Metcalf","WR","SEA",19,0,103,76,0.789473684210526,0,15.6,12.0766666666667,3,0,0.184466019417476
"00-0035644","Noah Fant","TE","SEA",9,0,77,58,0.888888888888889,0,12.125,7.45,2,0,0.116883116883117
"00-0035645","Gunner Olszewski","WR","PIT",1,0,30,21,1,0,0,1.4,1,0,0.0333333333333333
"00-0035657","Damien Harris","RB","BUF",2,13,110,90,1,3.92307692307692,8,5.62666666666667,3,0.144444444444444,0.0181818181818182
"00-0035659","Terry McLaurin","WR","WAS",16,0,99,64,0.8125,0,9.69230769230769,8.12666666666667,3,0,0.161616161616162
"00-0035662","Marquise Brown","WR","ARI",22,1,82,84,0.636363636363636,29,10.2142857142857,13.52,3,0.0119047619047619,0.268292682926829
"00-0035676","A.J. Brown","WR","PHI",30,0,93,113,0.666666666666667,0,11.95,19.1066666666667,3,0,0.32258064516129
"00-0035685","David Montgomery","RB","DET",1,37,70,61,1,3.81081081081081,7,11.16,2,0.60655737704918,0.0142857142857143
"00-0035688","Trey Pipkins","OL","LAC",0,0,41,21,0,0,0,1.2,1,0,0
"00-0035689","Dawson Knox","TE","BUF",11,0,110,90,0.636363636363636,0,6.57142857142857,8.42666666666667,3,0,0.1
"00-0035700","Josh Jacobs","RB","LV",14,45,94,63,0.714285714285714,2.4,9.2,16.2833333333333,3,0.714285714285714,0.148936170212766
"00-0035703","Miles Boykin","WR","PIT",1,0,30,21,1,0,5,1.32,1,0,0.0333333333333333
"00-0035710","Daniel Jones","QB","NYG",0,24,100,66,0,4.45833333333333,0,16.6966666666667,3,0.363636363636364,0
"00-0035719","Deebo Samuel","WR","SF",28,8,91,101,0.607142857142857,6,14.5294117647059,19.42,3,0.0792079207920792,0.307692307692308
"00-0035771","Mitchell Wilcox","TE","CIN",3,0,49,23,0.666666666666667,0,5,4.44,1,0,0.0612244897959184
"00-0035860","Tony Jones","RB","NO",6,21,104,82,0.666666666666667,3.33333333333333,5.25,9.09,3,0.25609756097561,0.0576923076923077
"00-0035956","Giovanni Ricci","TE","CAR",1,0,38,32,1,0,2,1.41,1,0,0.0263157894736842
"00-0035973","Patrick Taylor","RB","GB",5,9,96,79,0.6,3.22222222222222,7.66666666666667,4.79666666666667,3,0.113924050632911,0.0520833333333333
"00-0036020","Salvon Ahmed","RB","MIA",6,6,75,50,0.5,4,9.33333333333333,6.025,2,0.12,0.08
"00-0036040","Juwan Johnson","TE","NO",12,0,104,82,0.583333333333333,0,8.71428571428571,5.65333333333333,3,0,0.115384615384615
"00-0036139","Rico Dowdle","RB","DAL",4,17,103,107,1,4.17647058823529,10.5,7.00333333333333,3,0.158878504672897,0.0388349514563107
"00-0036145","Lawrence Cager","TE","NYG",2,0,30,28,1,0,8.5,2.68,1,0,0.0666666666666667
"00-0036158","J.K. Dobbins","RB","BAL",3,8,22,32,0.666666666666667,2.75,7.5,11.22,1,0.25,0.136363636363636
"00-0036165","Isaiah Hodgins","WR","NYG",9,0,100,66,0.555555555555556,0,12.8,5.50333333333333,3,0,0.09
"00-0036182","Nick Westbrook-Ikhine","WR","TEN",10,0,58,56,0.7,0,11.8571428571429,7.965,2,0,0.172413793103448
"00-0036187","Reggie Gilliam","RB","BUF",1,0,37,35,1,0,3,1.47,1,0,0.027027027027027
"00-0036196","Gabe Davis","WR","BUF",15,1,110,90,0.6,-2,17.6666666666667,10.9133333333333,3,0.0111111111111111,0.136363636363636
"00-0036212","Tua Tagovailoa","QB","MIA",0,9,103,93,0,0.888888888888889,0,21.4333333333333,3,0.0967741935483871,0
"00-0036232","Harrison Bryant","TE","CLE",4,2,102,106,0.5,2,2.5,3.05666666666667,3,0.0188679245283019,0.0392156862745098
"00-0036233","Donovan Peoples-Jones","WR","CLE",10,0,102,106,0.5,0,13.6,5.36333333333333,3,0,0.0980392156862745
"00-0036244","Colby Parkinson","TE","SEA",9,0,103,76,0.666666666666667,0,14.5,4.88666666666667,3,0,0.087378640776699
"00-0036251","Zack Moss","RB","IND",7,48,77,58,0.857142857142857,4.375,7,17.405,2,0.827586206896552,0.0909090909090909
"00-0036252","Michael Pittman","WR","IND",34,0,116,84,0.735294117647059,0,9.2,17.1766666666667,3,0,0.293103448275862
"00-0036259","Jauan Jennings","WR","SF",7,0,91,101,0.571428571428571,0,20.5,4.00333333333333,3,0,0.0769230769230769
"00-0036261","Brandon Aiyuk","WR","SF",14,0,54,62,0.785714285714286,0,15.6363636363636,13.975,2,0,0.259259259259259
"00-0036264","Jordan Love","QB","GB",0,14,96,79,0,5.28571428571429,0,19.9233333333333,3,0.177215189873418,0
"00-0036265","A.J. Dillon","RB","GB",4,39,96,79,0.75,2.74358974358974,8.33333333333333,9.66333333333333,3,0.493670886075949,0.0416666666666667
"00-0036268","Laviska Shenault","WR","CAR",3,5,129,65,1,3.8,5.33333333333333,2.25666666666667,3,0.0769230769230769,0.0232558139534884
"00-0036271","Quez Watkins","WR","PHI",2,0,33,25,1,0,8.5,2.65,1,0,0.0606060606060606
"00-0036275","D'Andre Swift","RB","PHI",7,45,93,113,0.714285714285714,6.84444444444444,2.8,13.0966666666667,3,0.398230088495575,0.0752688172043011
"00-0036290","Cole Kmet","TE","CHI",15,1,88,71,0.733333333333333,0,9.45454545454546,8.02,3,0.0140845070422535,0.170454545454545
"00-0036309","Darnell Mooney","WR","CHI",8,0,59,55,0.5,0,13.25,6.065,2,0,0.135593220338983
"00-0036322","Justin Jefferson","WR","MIN",38,0,138,50,0.710526315789474,0,16.962962962963,23.0166666666667,3,0,0.27536231884058
"00-0036326","Chase Claypool","WR","CHI",14,0,88,71,0.285714285714286,0,12.75,7.66666666666667,3,0,0.159090909090909
"00-0036328","Antonio Gibson","RB","WAS",9,7,99,64,0.777777777777778,5,8.71428571428571,5.28,3,0.109375,0.0909090909090909
"00-0036329","Ashtyn Davis","DB","NYJ",0,1,27,16,0,4,0,0.26,1,0.0625,0
"00-0036331","Devin Duvernay","WR","BAL",4,3,64,74,0,5,0,5.065,2,0.0405405405405405,0.0625
"00-0036332","Josiah Deguara","TE","GB",2,0,25,21,1,0,2.5,2.73,1,0,0.08
"00-0036336","Anthony McFarland","RB","PIT",2,0,46,10,1,0,5.5,2.93,1,0,0.0434782608695652
"00-0036345","K.J. Osborn","WR","MIN",15,0,138,50,0.466666666666667,0,14.4285714285714,10.4666666666667,3,0,0.108695652173913
"00-0036355","Justin Herbert","QB","LAC",0,8,122,76,0,3.5,0,24.3633333333333,3,0.105263157894737,0
"00-0036358","CeeDee Lamb","WR","DAL",24,2,103,107,0.791666666666667,4.5,14.3684210526316,14.3066666666667,3,0.0186915887850467,0.233009708737864
"00-0036360","Clyde Edwards-Helaire","RB","KC",4,22,118,82,1,3.5,6.5,6.85333333333333,3,0.268292682926829,0.0338983050847458
"00-0036370","Joshua Kelley","RB","LAC",3,40,122,76,0.333333333333333,3.55,5,10.07,3,0.526315789473684,0.0245901639344262
"00-0036389","Jalen Hurts","QB","PHI",0,31,93,113,0,3.2258064516129,0,26.69,3,0.274336283185841,0
"00-0036407","Jerry Jeudy","WR","DEN",12,0,70,43,0.666666666666667,0,13.25,11.07,2,0,0.171428571428571
"00-0036410","Tee Higgins","WR","CIN",28,0,122,58,0.357142857142857,0,11,17.3233333333333,3,0,0.229508196721311
"00-0036414","Cam Akers","RB","LA",0,22,38,40,0,1.31818181818182,0,13.39,1,0.55,0
"00-0036415","Van Jefferson","WR","LA",12,1,126,75,0.5,4,13.1666666666667,7.16666666666667,3,0.0133333333333333,0.0952380952380952
"00-0036422","Adam Trautman","TE","DEN",8,0,104,65,0.625,0,6.8,4.65666666666667,3,0,0.0769230769230769
"00-0036424","Brycen Hopkins","TE","LA",2,0,38,40,0.5,0,21,3.15,1,0,0.0526315789473684
"00-0036425","DeeJay Dallas","RB","SEA",2,5,103,76,1,2.8,6,1.72666666666667,3,0.0657894736842105,0.0194174757281553
"00-0036442","Joe Burrow","QB","CIN",0,5,122,58,0,0.4,0,16.2566666666667,3,0.0862068965517241,0
"00-0036493","Deon Jackson","RB","IND",6,13,39,26,0.833333333333333,1.07692307692308,2.8,18,1,0.5,0.153846153846154
"00-0036497","Tim Jones","WR","JAX",3,0,42,27,0.666666666666667,0,5.5,4.42,1,0,0.0714285714285714
"00-0036550","Rashod Bateman","WR","BAL",9,0,86,106,0.777777777777778,0,8.42857142857143,4.49333333333333,3,0,0.104651162790698
"00-0036554","Nico Collins","WR","HOU",23,0,121,75,0.652173913043478,0,17.3333333333333,12.64,3,0,0.190082644628099
"00-0036555","Chuba Hubbard","RB","CAR",10,12,129,65,0.9,6.5,5,6.20666666666667,3,0.184615384615385,0.0775193798449612
"00-0036556","Brevin Jordan","TE","HOU",4,0,77,52,1,0,10,4.545,2,0,0.051948051948052
"00-0036567","Elijah Mitchell","RB","SF",4,16,66,73,0.75,3.25,0.666666666666667,6.485,2,0.219178082191781,0.0606060606060606
"00-0036569","Gary Brightwell","RB","NYG",5,5,63,39,0.8,2,9.25,4.66,2,0.128205128205128,0.0793650793650794
"00-0036613","Jaylen Waddle","WR","MIA",11,1,75,50,0.727272727272727,-2,20.5,9.565,2,0.02,0.146666666666667
"00-0036626","Dyami Brown","WR","WAS",4,0,68,36,0.75,0,8.33333333333333,3.31,2,0,0.0588235294117647
"00-0036628","John Bates","TE","WAS",7,0,68,36,0.714285714285714,0,11.6,4.745,2,0,0.102941176470588
"00-0036637","Noah Gray","TE","KC",10,0,118,82,0.7,0,11.1428571428571,4.91666666666667,3,0,0.0847457627118644
"00-0036741","Jack Stoll","TE","PHI",2,0,37,40,0.5,0,6,4.16,1,0,0.0540540540540541
"00-0036754","Brock Wright","TE","DET",2,0,35,34,1,0,8.5,3.2,1,0,0.0571428571428571
"00-0036849","Tutu Atwell","WR","LA",26,2,126,75,0.653846153846154,13.5,14.4705882352941,16.0933333333333,3,0.0266666666666667,0.206349206349206
"00-0036857","Chris Evans","RB","CIN",1,2,32,20,1,6,-1,2.58,1,0.1,0.03125
"00-0036860","Jake Funk","RB","IND",1,2,39,26,1,5,12,2.49,1,0.0769230769230769,0.0256410256410256
"00-0036862","Ben Skowronek","WR","LA",4,1,126,75,0.5,11,6.5,3.56333333333333,3,0.0133333333333333,0.0317460317460317
"00-0036875","Rhamondre Stevenson","RB","NE",13,46,125,87,0.769230769230769,2.91304347826087,7.7,13.88,3,0.528735632183908,0.104
"00-0036876","Kylen Granson","TE","IND",14,0,116,84,0.642857142857143,0,7.11111111111111,8.11666666666667,3,0,0.120689655172414
"00-0036887","Luke Farrell","TE","JAX",1,0,42,27,1,0,4,1.43,1,0,0.0238095238095238
"00-0036893","Najee Harris","RB","PIT",6,35,104,62,0.5,3.97142857142857,0.666666666666667,8.25333333333333,3,0.564516129032258,0.0576923076923077
"00-0036894","Pat Freiermuth","TE","PIT",9,0,104,62,0.555555555555556,0,9.2,6.77333333333333,3,0,0.0865384615384615
"00-0036900","Ja'Marr Chase","WR","CIN",32,1,122,58,0.6875,2,9.59090909090909,16.9366666666667,3,0.0172413793103448,0.262295081967213
"00-0036906","Khalil Herbert","RB","CHI",10,23,88,71,0.6,4.04347826086957,10.6666666666667,9.07666666666667,3,0.323943661971831,0.113636363636364
"00-0036912","DeVonta Smith","WR","PHI",20,0,93,113,0.75,0,13.7333333333333,13.1366666666667,3,0,0.21505376344086
"00-0036913","Kadarius Toney","WR","KC",11,2,118,82,0.636363636363636,1,5,7.54666666666667,3,0.024390243902439,0.0932203389830508
"00-0036919","Kenneth Gainwell","RB","PHI",6,28,70,65,0.833333333333333,3.46428571428571,5,12.36,2,0.430769230769231,0.0857142857142857
"00-0036924","Michael Carter","RB","NYJ",5,3,85,66,0.8,4.66666666666667,4.5,2.87333333333333,3,0.0454545454545455,0.0588235294117647
"00-0036936","Rondale Moore","WR","ARI",10,5,82,84,0.8,13.2,6.875,5.73,3,0.0595238095238095,0.121951219512195
"00-0036945","Justin Fields","QB","CHI",0,24,88,71,0,4.54166666666667,0,18.9966666666667,3,0.338028169014085,0
"00-0036955","Terrace Marshall","WR","CAR",14,0,96,46,0.5,0,8.28571428571429,9.795,2,0,0.145833333333333
"00-0036963","Amon-Ra St. Brown","WR","DET",28,1,103,92,0.75,4,13.0952380952381,16.97,3,0.0108695652173913,0.271844660194175
"00-0036970","Kyle Pitts","TE","ATL",17,1,88,91,0.529411764705882,-4,11.1111111111111,10.66,3,0.010989010989011,0.193181818181818
"00-0036971","Trevor Lawrence","QB","JAX",0,15,116,80,0,3.93333333333333,0,19.6733333333333,3,0.1875,0
"00-0036972","Mac Jones","QB","NE",0,11,125,87,0,4.81818181818182,0,16.9333333333333,3,0.126436781609195,0
"00-0036973","Travis Etienne","RB","JAX",13,49,116,80,0.846153846153846,4.18367346938776,7.18181818181818,14.0866666666667,3,0.6125,0.112068965517241
"00-0036980","Elijah Moore","WR","CLE",25,6,102,106,0.6,3.83333333333333,8.53333333333333,12.8066666666667,3,0.0566037735849057,0.245098039215686
"00-0036984","Trey Sermon","RB","IND",2,5,44,35,0.5,3.4,4,4.96,1,0.142857142857143,0.0454545454545455
"00-0036988","Josh Palmer","WR","LAC",13,0,122,76,0.615384615384615,0,10.375,8.26333333333333,3,0,0.10655737704918
"00-0036997","Javonte Williams","RB","DEN",12,36,104,65,0.666666666666667,3.83333333333333,5.25,11.8833333333333,3,0.553846153846154,0.115384615384615
"00-0037005","Tommy Tremble","TE","CAR",1,0,58,14,1,0,15,1.27,1,0,0.0172413793103448
"00-0037013","Zach Wilson","QB","NYJ",0,10,85,66,0,4.3,0,9.58,3,0.151515151515152,0
"00-0037077","Sam Howell","QB","WAS",0,5,99,64,0,8.4,0,14.6066666666667,3,0.078125,0
"00-0037078","Cole Turner","TE","WAS",11,0,99,64,0.636363636363636,0,10.4285714285714,8.16,3,0,0.111111111111111
"00-0037098","Samori Toure","WR","GB",8,0,96,79,0.375,0,8,5.38666666666667,3,0,0.0833333333333333
"00-0037157","Zonovan Knight","RB","DET",0,3,33,31,0,4.33333333333333,0,1.57,1,0.0967741935483871,0
"00-0037197","Isiah Pacheco","RB","KC",9,35,118,82,0.777777777777778,4.42857142857143,6.71428571428571,14.8,3,0.426829268292683,0.076271186440678
"00-0037216","Justyn Ross","WR","KC",2,0,77,60,0.5,0,6,1.57,2,0,0.025974025974026
"00-0037228","Jaylen Warren","RB","PIT",16,17,104,62,0.75,3.23529411764706,8.41666666666667,10.2333333333333,3,0.274193548387097,0.153846153846154
"00-0037238","Drake London","WR","ATL",15,0,88,91,0.533333333333333,0,12.25,8.03666666666667,3,0,0.170454545454545
"00-0037239","Chris Olave","WR","NO",32,0,104,82,0.6875,0,13.7272727272727,17.4933333333333,3,0,0.307692307692308
"00-0037247","George Pickens","WR","PIT",23,0,104,62,0.565217391304348,0,18.3076923076923,11.4733333333333,3,0,0.221153846153846
"00-0037248","James Cook","RB","BUF",13,44,110,90,0.769230769230769,6.06818181818182,6.7,15.1266666666667,3,0.488888888888889,0.118181818181818
"00-0037252","Greg Dulcich","TE","DEN",2,0,34,22,1,0,11,3.19,1,0,0.0588235294117647
"00-0037256","Rachaad White","RB","TB",10,48,93,84,1,3.125,6.4,14.4866666666667,3,0.571428571428571,0.10752688172043
"00-0037257","David Bell","WR","CLE",4,0,69,75,0.75,0,9,2.73,2,0,0.0579710144927536
"00-0037258","Dameon Pierce","RB","HOU",9,40,121,75,0.777777777777778,2.5,5.85714285714286,12.2233333333333,3,0.533333333333333,0.0743801652892562
"00-0037261","Khalil Shakir","WR","BUF",2,0,69,68,1,0,8,1.83,2,0,0.0289855072463768
"00-0037263","Tyler Allgeier","RB","ATL",6,38,88,91,0.833333333333333,3.55263157894737,7.2,11.3733333333333,3,0.417582417582418,0.0681818181818182
"00-0037267","Jerome Ford","RB","CLE",7,41,102,106,0.714285714285714,3.90243902439024,11.6,11.59,3,0.386792452830189,0.0686274509803922
"00-0037276","Ty Chandler","RB","MIN",5,7,138,50,0.8,3.85714285714286,7.75,3.70333333333333,3,0.14,0.036231884057971
"00-0037277","Teagan Quitoriano","TE","HOU",2,0,74,49,0.5,0,11,1.17,2,0,0.027027027027027
"00-0037292","Andrew Ogletree","TE","IND",4,0,83,61,0.5,0,15.5,3.46,2,0,0.0481927710843374
"00-0037299","Keaontay Ingram","RB","ARI",1,12,82,84,1,1.25,8,2.29,3,0.142857142857143,0.0121951219512195
"00-0037304","Connor Heyward","TE","PIT",6,1,74,41,0.333333333333333,0,9.5,5.525,2,0.024390243902439,0.0810810810810811
"00-0037311","Ko Kieft","TE","TB",3,0,34,33,0,0,0,6.25,1,0,0.0882352941176471
"00-0037382","Brandon Johnson","WR","DEN",9,0,104,65,0.666666666666667,0,18.1666666666667,4.61333333333333,3,0,0.0865384615384615
"00-0037475","Stone Smartt","TE","LAC",1,0,41,21,1,0,24,1.21,1,0,0.024390243902439
"00-0037487","Deven Thompkins","WR","TB",7,1,93,84,0.571428571428571,11,4,4,3,0.0119047619047619,0.0752688172043011
"00-0037525","Jordan Mason","RB","SF",0,3,37,39,0,3.66666666666667,0,1.34,1,0.0769230769230769,0
"00-0037545","Rashid Shaheed","WR","NO",12,3,104,82,0.75,3.66666666666667,16.8888888888889,8.32666666666667,3,0.0365853658536585,0.115384615384615
"00-0037557","Ronnie Rivers","RB","LA",1,0,55,22,1,0,4,1.58,1,0,0.0181818181818182
"00-0037569","Peyton Hendershot","TE","DAL",2,1,103,107,0.5,0,3,3.19666666666667,3,0.00934579439252336,0.0194174757281553
"00-0037614","John Metchie","WR","HOU",3,0,77,52,1,0,10,2.265,2,0,0.038961038961039
"00-0037664","Alec Pierce","WR","IND",12,0,116,84,0.5,0,12.6666666666667,6.88666666666667,3,0,0.103448275862069
"00-0037666","Jalen Tolbert","WR","DAL",5,0,63,74,0.6,0,6,3.665,2,0,0.0793650793650794
"00-0037740","Garrett Wilson","WR","NYJ",22,0,85,66,0.545454545454545,0,13.75,10.9433333333333,3,0,0.258823529411765
"00-0037741","Jahan Dotson","WR","WAS",16,0,99,64,0.625,0,8.3,7.48666666666667,3,0,0.161616161616162
"00-0037742","Treylon Burks","WR","TEN",13,1,83,71,0.461538461538462,9,16.5,7.88666666666667,3,0.0140845070422535,0.156626506024096
"00-0037744","Trey McBride","TE","ARI",6,0,82,84,0.833333333333333,0,11.4,2.74,3,0,0.0731707317073171
"00-0037745","Velus Jones","WR","CHI",0,1,29,16,0,-3,0,0.76,1,0.0625,0
"00-0037746","Brian Robinson","RB","WAS",5,47,99,64,0.6,4.59574468085106,16.3333333333333,12.7833333333333,3,0.734375,0.0505050505050505
"00-0037801","Kavontae Turpin","WR","DAL",4,5,63,74,0.75,4,6.66666666666667,6.17,2,0.0675675675675676,0.0634920634920635
"00-0037809","Chigoziem Okonkwo","TE","TEN",10,0,83,71,0.7,0,6,4.74666666666667,3,0,0.120481927710843
"00-0037816","Romeo Doubs","WR","GB",20,0,96,79,0.55,0,11.7272727272727,12.4,3,0,0.208333333333333
"00-0037834","Brock Purdy","QB","SF",0,10,91,101,0,2.4,0,17.1033333333333,3,0.099009900990099,0
"00-0037837","Calvin Austin","WR","PIT",16,1,104,62,0.5625,-2,13.2222222222222,7.68333333333333,3,0.0161290322580645,0.153846153846154
"00-0037838","Isaiah Likely","TE","BAL",4,0,86,106,0.75,0,10.6666666666667,2.07,3,0,0.0465116279069767
"00-0037840","Kyren Williams","RB","LA",19,39,126,75,0.421052631578947,3.64102564102564,9.375,19.0833333333333,3,0.52,0.150793650793651
"00-0038040","Zamir White","RB","LV",1,5,50,44,1,4.8,5,2.32,2,0.113636363636364,0.02
"00-0038041","Jake Ferguson","TE","DAL",18,0,103,107,0.555555555555556,0,7,12.33,3,0,0.174757281553398
"00-0038045","Isaiah Spiller","RB","LAC",0,3,89,36,0,3.33333333333333,0,0.75,2,0.0833333333333333,0
"00-0038046","Charlie Kolar","TE","BAL",1,0,22,32,0,0,0,2.09,1,0,0.0454545454545455
"00-0038090","Skyy Moore","WR","KC",13,1,118,82,0.538461538461538,4,16,8.10666666666667,3,0.0121951219512195,0.110169491525424
"00-0038092","Erik Ezukanma","WR","MIA",1,5,75,50,0,4.4,0,3.695,2,0.1,0.0133333333333333
"00-0038098","Pierre Strong","RB","CLE",1,8,73,66,0,3.5,0,5.04,2,0.121212121212121,0.0136986301369863
"00-0038102","Kenny Pickett","QB","PIT",0,8,104,62,0,1.125,0,12.3333333333333,3,0.129032258064516,0
"00-0038115","Daniel Bellinger","TE","NYG",2,0,63,39,1,0,4.5,1.305,2,0,0.0317460317460317
"00-0038117","Wan'Dale Robinson","WR","NYG",5,0,33,11,0.8,0,5.25,6.05,1,0,0.151515151515152
"00-0038120","Breece Hall","RB","NYJ",6,26,85,66,0.333333333333333,5.92307692307692,14.5,6.54333333333333,3,0.393939393939394,0.0705882352941176
"00-0038122","Desmond Ridder","QB","ATL",1,13,88,91,1,3.15384615384615,-6,15.8033333333333,3,0.142857142857143,0.0113636363636364
"00-0038129","Cade Otton","TE","TB",11,0,93,84,0.818181818181818,0,8.44444444444444,5.27666666666667,3,0,0.118279569892473
"00-0038134","Kenneth Walker","RB","SEA",10,47,103,76,0.8,4.34042553191489,9.125,18.14,3,0.618421052631579,0.0970873786407767
"00-0038391","Sean Clifford","QB","GB",0,1,27,32,0,0,0,0,1,0.03125,0
"00-0038393","Dontayvion Wicks","WR","GB",12,0,96,79,0.5,0,14.1666666666667,7.68333333333333,3,0,0.125
"00-0038394","Will Mallory","TE","IND",2,0,33,23,1,0,24.5,3.2,1,0,0.0606060606060606
"00-0038397","Evan Hull","RB","IND",1,1,39,26,1,1,6,2.02,1,0.0384615384615385,0.0256410256410256
"00-0038465","Malik Heath","WR","GB",4,0,96,79,0,0,0,2.07,3,0,0.0416666666666667
"00-0038542","Bijan Robinson","RB","ATL",17,39,88,91,0.823529411764706,5.46153846153846,7.28571428571429,16.8566666666667,3,0.428571428571429,0.193181818181818
"00-0038543","Jaxon Smith-Njigba","WR","SEA",14,0,103,76,0.642857142857143,0,6.33333333333333,7.43,3,0,0.135922330097087
"00-0038544","Quentin Johnston","WR","LAC",8,0,122,76,0.625,0,5.2,4.65333333333333,3,0,0.0655737704918033
"00-0038547","Luke Schoonmaker","TE","DAL",2,0,78,77,0.5,0,1,2.915,2,0,0.0256410256410256
"00-0038551","Kendre Miller","RB","NO",1,9,34,22,1,3.77777777777778,0,5.94,1,0.409090909090909,0.0294117647058824
"00-0038555","Tank Bigsby","RB","JAX",2,9,74,62,0,2.55555555555556,0,6.515,2,0.145161290322581,0.027027027027027
"00-0038559","Michael Wilson","WR","ARI",9,0,82,84,0.777777777777778,0,23,4.58,3,0,0.109756097560976
"00-0038563","Tre Tucker","WR","LV",1,1,24,15,0,34,0,2.93,1,0.0666666666666667,0.0416666666666667
"00-0038573","Derius Davis","WR","LAC",2,1,122,76,1,10,4,1.23333333333333,3,0.0131578947368421,0.0163934426229508
"00-0038576","Charlie Jones","WR","CIN",2,0,49,23,0.5,0,6,3.04,1,0,0.0408163265306122
"00-0038597","Chase Brown","RB","CIN",0,1,41,15,0,2,0,0.44,1,0.0666666666666667,0
"00-0038608","Kayshon Boutte","WR","NE",4,0,54,22,0,0,0,7.55,1,0,0.0740740740740741
"00-0038611","Chris Rodriguez","RB","WAS",0,3,31,28,0,2.33333333333333,0,2.07,1,0.107142857142857,0
"00-0038618","Xavier Hutchinson","WR","HOU",2,0,91,49,0.5,0,9,1.425,2,0,0.021978021978022
"00-0038621","Demario Douglas","WR","NE",12,1,125,87,0.583333333333333,5,10.5714285714286,6.23666666666667,3,0.0114942528735632,0.096
"00-0038622","Deuce Vaughn","RB","DAL",3,9,63,74,1,2.66666666666667,5.33333333333333,4.25,2,0.121621621621622,0.0476190476190476
"00-0038627","Antoine Green","WR","DET",1,0,35,27,1,0,2,1.32,1,0,0.0285714285714286
"00-0038647","Ronnie Bell","WR","SF",2,0,37,39,1,0,12,4.61,1,0,0.0540540540540541
"00-0038685","Christopher Brooks","RB","MIA",0,9,28,43,0,7.33333333333333,0,3.4,1,0.209302325581395,0
"00-0038705","Emari Demercado","RB","ARI",2,3,52,59,1,0,3.5,2.385,2,0.0508474576271186,0.0384615384615385
"00-0038720","Julian Hill","TE","MIA",1,0,28,43,0,0,0,3.88,1,0,0.0357142857142857
"00-0038738","Hunter Luepke","RB","DAL",1,1,40,33,1,9,12,1.86,1,0.0303030303030303,0.025
"00-0038752","Jake Bobo","WR","SEA",3,0,77,58,0.666666666666667,0,4,2.75,2,0,0.038961038961039
"00-0038783","Nate Adkins","TE","DEN",1,0,38,20,1,0,11,1.38,1,0,0.0263157894736842
"00-0038794","Jaleel McLaughlin","RB","DEN",1,6,104,65,1,3.33333333333333,-7,2.15333333333333,3,0.0923076923076923,0.00961538461538462
"00-0038797","Emanuel Wilson","RB","GB",1,5,69,47,1,2.2,6,1.87,2,0.106382978723404,0.0144927536231884
"00-0038821","Rakim Jarrett","WR","TB",1,1,68,67,1,0,7,1.04,2,0.0149253731343284,0.0147058823529412
"00-0038862","Elijah Dotson","RB","LAC",2,4,41,21,1,1.5,6.5,4.97,1,0.19047619047619,0.0487804878048781
"00-0038933","Dalton Kincaid","TE","BUF",12,0,110,90,0.916666666666667,0,6.54545454545455,6.72666666666667,3,0,0.109090909090909
"00-0038935","Brenton Strange","TE","JAX",2,0,42,27,1,0,3.5,2.66,1,0,0.0476190476190476
"00-0038938","Jalin Hyatt","WR","NYG",3,0,67,55,0.666666666666667,0,44.5,2.995,2,0,0.0447761194029851
"00-0038941","Tyler Scott","WR","CHI",5,0,59,55,0.6,0,6.66666666666667,4.09,2,0,0.0847457627118644
"00-0038951","Sean Tucker","RB","TB",2,15,93,84,1,1.53333333333333,4.5,3.42333333333333,3,0.178571428571429,0.021505376344086
"00-0038976","Marvin Mims","WR","DEN",9,3,104,65,0.777777777777778,4.33333333333333,27.8571428571429,6.44666666666667,3,0.0461538461538462,0.0865384615384615
"00-0038977","Nathaniel Dell","WR","HOU",21,0,121,75,0.714285714285714,0,16.7333333333333,10.8566666666667,3,0,0.173553719008264
"00-0038994","Jordan Addison","WR","MIN",19,0,138,50,0.684210526315789,0,14.2307692307692,11.5433333333333,3,0,0.13768115942029
"00-0038997","Josh Downs","WR","IND",24,0,116,84,0.625,0,8.26666666666667,11.7366666666667,3,0,0.206896551724138
"00-0039021","Roschon Johnson","RB","CHI",11,17,88,71,0.909090909090909,5.29411764705882,5.6,9.03333333333333,3,0.23943661971831,0.125
"00-0039032","Tyjae Spears","RB","TEN",10,15,83,71,0.7,5.46666666666667,1.42857142857143,7.38,3,0.211267605633803,0.120481927710843
"00-0039040","Devon Achane","RB","MIA",5,19,58,73,1,10.9473684210526,6.8,12.615,2,0.26027397260274,0.0862068965517241
"00-0039052","Trey Palmer","WR","TB",6,0,93,84,0.666666666666667,0,9,3.84666666666667,3,0,0.0645161290322581
"00-0039062","Jonathan Mingo","WR","CAR",19,0,129,65,0.421052631578947,0,8,9.39,3,0,0.147286821705426
"00-0039064","Zay Flowers","WR","BAL",25,4,86,106,0.84,4.25,8.95238095238095,15.1333333333333,3,0.0377358490566038,0.290697674418605
"00-0039065","Sam LaPorta","TE","DET",22,0,103,92,0.818181818181818,0,10.3333333333333,11.4966666666667,3,0,0.213592233009709
"00-0039066","Michael Mayer","TE","LV",2,0,68,34,0.5,0,2,1.93,2,0,0.0294117647058824
"00-0039067","Rashee Rice","WR","KC",14,1,118,82,0.714285714285714,-3,10.8,8.69666666666667,3,0.0121951219512195,0.11864406779661
"00-0039075","Puka Nacua","WR","LA",42,2,126,75,0.714285714285714,2,11.2666666666667,22.56,3,0.0266666666666667,0.333333333333333
"00-0039139","Jahmyr Gibbs","RB","DET",13,31,103,92,0.769230769230769,4.48387096774194,5.9,12.5833333333333,3,0.33695652173913,0.12621359223301
"00-0039144","Luke Musgrave","TE","GB",15,0,96,79,0.733333333333333,0,11.2727272727273,8.24,3,0,0.15625
"00-0039146","Jayden Reed","WR","GB",20,1,96,79,0.45,-2,16.4444444444444,12.9166666666667,3,0.0126582278481013,0.208333333333333
"00-0039150","Bryce Young","QB","CAR",0,5,71,51,0,10.2,0,12.73,2,0.0980392156862745,0
"00-0039163","C.J. Stroud","QB","HOU",1,10,121,75,1,3.5,0,17.5,3,0.133333333333333,0.00826446280991736
"00-0039164","Anthony Richardson","QB","IND",0,13,72,49,0,5.76923076923077,0,14.105,2,0.26530612244898,0
"00-0039165","Zach Charbonnet","RB","SEA",4,16,103,76,0.75,4.5625,4.33333333333333,5.57666666666667,3,0.210526315789474,0.0388349514563107
NA,NA,NA,"ARI",2,0,31,29,0,0,0,3.07,1,0,0.0645161290322581
NA,NA,NA,"ATL",2,0,32,45,0,0,0,3.36,1,0,0.0625
NA,NA,NA,"BAL",2,0,53,69,0,0,0,1.28,2,0,0.0377358490566038
NA,NA,NA,"BUF",4,0,110,90,0,0,0,2.18333333333333,3,0,0.0363636363636364
NA,NA,NA,"CAR",10,0,129,65,0,0,0,4.48,3,0,0.0775193798449612
NA,NA,NA,"CHI",4,0,88,71,0,0,0,2.72333333333333,3,0,0.0454545454545455
NA,NA,NA,"CIN",6,0,122,58,0,0,0,2.63,3,0,0.0491803278688525
NA,NA,NA,"CLE",2,0,33,31,0,0,0,3.63,1,0,0.0606060606060606
NA,NA,NA,"DAL",4,0,78,77,0,0,0,3.68,2,0,0.0512820512820513
NA,NA,NA,"DEN",9,0,104,65,0,0,0,3.76666666666667,3,0,0.0865384615384615
NA,NA,NA,"DET",6,0,103,92,0,0,0,2.30666666666667,3,0,0.058252427184466
NA,NA,NA,"GB",1,0,44,26,0,0,0,1.06,1,0,0.0227272727272727
NA,NA,NA,"HOU",6,0,121,75,0,0,0,2.30333333333333,3,0,0.0495867768595041
NA,NA,NA,"IND",4,0,77,58,0,0,0,2.81,2,0,0.051948051948052
NA,NA,NA,"JAX",3,0,84,45,0,0,0,2.61,2,0,0.0357142857142857
NA,NA,NA,"KC",4,0,118,82,0,0,0,2.16333333333333,3,0,0.0338983050847458
NA,NA,NA,"LA",5,0,126,75,0,0,0,2.59666666666667,3,0,0.0396825396825397
NA,NA,NA,"LAC",4,0,74,61,0,0,0,4.005,2,0,0.0540540540540541
NA,NA,NA,"LV",1,0,24,15,0,0,0,0.91,1,0,0.0416666666666667
NA,NA,NA,"MIA",2,0,75,50,0,0,0,3.565,2,0,0.0266666666666667
NA,NA,NA,"MIN",3,0,94,33,0,0,0,2.5,2,0,0.0319148936170213
NA,NA,NA,"NE",2,0,29,40,0,0,0,2.15,1,0,0.0689655172413793
NA,NA,NA,"NO",3,0,37,33,0,0,0,4.86,1,0,0.0810810810810811
NA,NA,NA,"NYG",4,0,100,66,0,0,0,3.38666666666667,3,0,0.04
NA,NA,NA,"NYJ",14,0,85,66,0,0,0,5.59,3,0,0.164705882352941
NA,NA,NA,"PHI",6,0,93,113,0,0,0,3.83666666666667,3,0,0.0645161290322581
NA,NA,NA,"PIT",3,0,104,62,0,0,0,0.873333333333333,3,0,0.0288461538461538
NA,NA,NA,"SEA",7,0,103,76,0,0,0,3.95333333333333,3,0,0.0679611650485437
NA,NA,NA,"SF",5,0,91,101,0,0,0,4.5,3,0,0.0549450549450549
NA,NA,NA,"TB",4,0,68,67,0,0,0,3.28,2,0,0.0588235294117647
NA,NA,NA,"TEN",2,0,59,37,0,0,0,1.5,2,0,0.0338983050847458
NA,NA,NA,"WAS",7,0,70,51,0,0,0,5.3,2,0,0.1
